Name,Color,House,DateOfBirth
,,,
Thomas Bradshaw,Brown,Arryn,26/12/2007
,,,
Christian Diaz,Cyan,Tully,09/11/2004
,,,
Haley Andrews,Cyan,Tyrell,23/02/1997
,,,
Daniel Brooks,Green,Targaryen,03/06/1996
,,,
Mark James,White,Targaryen,12/04/2011
,,,
Jeffrey Flowers,Brown,Arryn,28/05/2017
,,,
Todd Cox,Brown,Tyrell,08/03/2018
,,,
Brent Watts,Black,Tully,02/12/2009
,,,
Peter Avila,Brown,Tully,18/09/2014
,,,
Angela Decker,Green,Baratheon,09/12/2014
,,,
Eric Mcknight,Green,Targaryen,06/12/1993
,,,
Leslie Johnston,White,Tyrell,06/02/1993
,,,
Shelly Nichols,Black,Targaryen,22/08/2008
,,,
Caroline Harris,Cyan,Targaryen,28/07/1993
,,,
Amanda Wolfe,Black,Baratheon,30/08/2014
,,,
Alex Hudson,Blue,Tully,30/09/2018
,,,
Angela Murphy,Grey,Tully,05/05/2019
,,,
Charles Moss,Blue,Greyjoy,06/06/2010
,,,
Thomas Juarez,Black,Targaryen,17/10/2005
,,,
James Wilkins,Blue,Baratheon,14/01/2007
,,,
Peter Gomez,Blue,Lannister,11/09/2012
,,,
Jason Conrad,Blue,Tyrell,14/03/2017
,,,
Ms. Brittany Lewis DVM,Red,Greyjoy,28/07/1999
,,,
Shirley Bass,Brown,Tyrell,19/07/2019
,,,
Steven Thomas,Blue,Arryn,14/07/2010
,,,
Tina Johnson,Yellow,Tully,15/02/2021
,,,
Elizabeth Sandoval,Blue,Arryn,21/03/1999
,,,
Charles Lawson,Black,Greyjoy,13/04/2010
,,,
Kevin Zimmerman,Green,Arryn,14/08/2006
,,,
Julia Baker,Brown,Tyrell,03/09/1999
,,,
Cynthia Gallagher,Brown,Tyrell,05/08/2007
,,,
Jason Davis,Brown,Greyjoy,30/10/2015
,,,
Eric Adams,Green,Baratheon,27/09/1998
,,,
Mr. Trevor Baker,Grey,Tyrell,17/11/2009
,,,
Daniel Jackson,Yellow,Baratheon,12/04/2020
,,,
Nicholas Williams,Green,Arryn,15/01/2011
,,,
Madison Hanson,Brown,Lannister,12/02/2015
,,,
Peggy Rivera,White,Greyjoy,25/05/2010
,,,
John Gibbs,Green,Baratheon,18/03/2012
,,,
Jennifer Mason,Yellow,Targaryen,14/07/2000
,,,
Timothy Evans,White,Targaryen,12/05/2008
,,,
Heather Williams,Black,Greyjoy,24/08/1998
,,,
Jon Woods,Grey,Baratheon,16/10/1995
,,,
Steven Underwood,Black,Baratheon,16/05/1994
,,,
Samantha Ewing,White,Targaryen,26/06/2012
,,,
Leslie Roy,Green,Greyjoy,08/06/2016
,,,
Mr. Gordon Mooney,Yellow,Lannister,22/12/2018
,,,
Kayla Bass,White,Greyjoy,21/12/1993
,,,
James Murphy,Black,Baratheon,27/10/2007
,,,
Richard Berry,White,Targaryen,11/02/1992
,,,
Daniel Erickson,White,Tyrell,24/09/2010
,,,
Patricia Tran,Grey,Greyjoy,12/05/1996
,,,
Benjamin Brown,Green,Tyrell,22/06/1999
,,,
Alyssa Mcclure,Black,Arryn,19/01/2006
,,,
Thomas Wilcox,Brown,Greyjoy,12/10/2006
,,,
Julie Larson,Green,Targaryen,27/07/2011
,,,
Kelsey Sanchez,Yellow,Baratheon,09/02/2008
,,,
John Chambers,Cyan,,08/09/2001
,,,
Helen Smith,Yellow,Lannister,14/04/2012
,,,
Samantha Esparza,Black,Tyrell,17/03/2004
,,,
Patrick James,Red,Tully,15/10/2002
,,,
Laura Duke,Cyan,Tyrell,25/08/2014
,,,
Michael Faulkner,Green,Greyjoy,15/10/2020
,,,
Noah Burton,White,Baratheon,22/02/2006
,,,
Brian Estes,Blue,Targaryen,29/04/2016
,,,
Oscar Owens,Blue,Tyrell,15/12/2006
,,,
Joseph Riley,Red,Arryn,08/07/2014
,,,
Anthony Moran,Yellow,Tyrell,10/11/2018
,,,
Brandy Burch,Green,Targaryen,07/04/1999
,,,
Samantha Miller,Cyan,Baratheon,16/02/2016
,,,
Kristen Henderson,Black,Arryn,03/07/1995
,,,
Sherri Howard,Yellow,Baratheon,27/04/2008
,,,
Colleen Peterson,White,Tully,12/06/2009
,,,
Hannah Rojas,Grey,Greyjoy,03/09/2005
,,,
Erin Harris,Cyan,Arryn,16/01/2002
,,,
Alexander Mcdaniel,Blue,Targaryen,16/11/2012
,,,
Matthew Velasquez,red,Arryn,09/10/1999
,,,
Vanessa Nelson,red,Tyrell,14/11/2017
,,,
Kimberly Lin,Cyan,Tyrell,11/05/2004
,,,
Peggy Shaffer,White,Arryn,11/09/2010
,,,
Brian Hull,Blue,Tyrell,30/07/2017
,,,
Christine Garcia,Brown,Tully,14/02/2006
,,,
John Schneider,Yellow,Lannister,23/04/2011
,,,
Carl Castro,Blue,Tyrell,04/12/2009
,,,
Joanna Carter,White,Targaryen,18/11/1994
,,,
Samuel Santos,Cyan,Baratheon,28/08/2016
,,,
Dillon Hoffman,Brown,Tyrell,02/03/2020
,,,
Alex York,Black,Greyjoy,10/11/2008
,,,
Louis Miller,Grey,Baratheon,18/05/2002
,,,
Amanda Romero,Cyan,Targaryen,16/11/2019
,,,
Brandon White,red,Targaryen,26/04/2018
,,,
David Baldwin,Green,Targaryen,16/10/2020
,,,
Scott Bailey,White,Tully,22/07/2016
,,,
Patricia Lopez,red,Lannister,22/10/2019
,,,
Dr. Alejandro Harrison,Blue,Greyjoy,10/01/2003
,,,
Bailey Hendricks,red,Baratheon,27/02/2003
,,,
Kelly Whitaker,Green,Targaryen,18/08/1995
,,,
Jason Jones,White,Targaryen,16/12/1998
,,,
Jeffrey Blair,Cyan,Tyrell,08/12/2006
,,,
Craig Green,Yellow,Tully,07/07/2012
,,,
Peter Weeks,White,Tyrell,04/07/2001
,,,
Maurice Fletcher,Black,Arryn,13/05/2021
,,,
Victoria Boone,Cyan,Greyjoy,06/03/2020
,,,
Matthew Mckay,Cyan,Arryn,28/11/2001
,,,
Ethan Jordan,,Arryn,06/02/2018
,,,
Brian Salinas,Grey,Baratheon,22/02/2010
,,,
Susan Lowe,Green,Lannister,13/03/2003
,,,
Laura May,Black,Baratheon,07/05/2018
,,,
Erica Kent,Cyan,Arryn,16/12/2014
,,,
Brian Robertson,red,Lannister,16/10/2004
,,,
Travis Jimenez,Yellow,Greyjoy,06/09/2020
,,,
Kathryn Shepherd,red,Tyrell,09/08/1993
,,,
Jillian Vance,Cyan,Tully,22/12/2003
,,,
Matthew Hart,Cyan,Baratheon,17/05/1993
,,,
Charles Davila MD,Brown,Targaryen,10/10/2012
,,,
Jacob Cruz,Yellow,Baratheon,24/11/2015
,,,
Eugene Bullock,Blue,Greyjoy,24/06/2007
,,,
Jennifer Sutton,Grey,Tyrell,17/12/2006
,,,
Lawrence Benjamin,Brown,Tully,16/09/1999
,,,
Corey Choi,Green,Tyrell,25/09/1997
,,,
Laura Turner,Grey,Tyrell,28/04/2003
,,,
Matthew Ross,Blue,Tully,18/03/2001
,,,
Derrick Jones,Grey,Tyrell,06/12/2012
,,,
Kristen West,Yellow,Lannister,11/05/2003
,,,
Brandon Wilson,Brown,Tully,20/03/2001
,,,
Steven Brown,Grey,Baratheon,07/08/2011
,,,
Joseph Webster,red,Tully,11/10/1992
,,,
Deborah Gomez,White,Tyrell,11/06/1999
,,,
Linda Jones,Black,Greyjoy,24/07/1995
,,,
Sandra Butler,Yellow,Arryn,04/12/1995
,,,
Scott Cox,Yellow,Lannister,13/01/1993
,,,
Allison Perkins,Green,Greyjoy,08/11/1997
,,,
Brian Wood,Yellow,Tyrell,14/11/1992
,,,
Kimberly Sullivan,Black,Baratheon,23/11/2010
,,,
Alexander Farrell,Cyan,Tyrell,19/02/1994
,,,
Joshua Smith,Green,Arryn,04/12/2007
,,,
Terri Cochran,Grey,Greyjoy,17/09/1994
,,,
Dylan Arnold,Black,Baratheon,19/12/1992
,,,
Christina Lee,Red,Targaryen,20/12/1997
,,,
Kimberly Mack,White,Tully,05/12/2011
,,,
Andrea Campbell,Yellow,Targaryen,09/05/2003
,,,
Mary Schneider,Green,Tully,22/06/2015
,,,
Amanda Jones,Green,Tully,17/04/1992
,,,
Cory Jefferson,White,Baratheon,05/06/2019
,,,
Wanda Brown,Grey,Lannister,06/10/1997
,,,
Janice Richmond,Green,Targaryen,07/11/1998
,,,
Rodney King,Red,Targaryen,08/04/2010
,,,
Lisa Hebert,Grey,Lannister,31/05/1996
,,,
Adrian Padilla,Cyan,Greyjoy,23/05/2014
,,,
Daniel Blair,Red,Tyrell,31/12/1997
,,,
Dustin Taylor,Cyan,Tyrell,03/04/2005
,,,
Thomas Walker,White,Arryn,16/09/2001
,,,
Anita Rosales,White,Greyjoy,04/03/2000
,,,
Stacey Smith,Brown,Arryn,20/08/2003
,,,
Tiffany Luna,Red,Lannister,19/09/2005
,,,
Roberta Booth,Blue,Lannister,16/04/1994
,,,
Dorothy Park,Green,Lannister,22/10/2001
,,,
Edward Choi,White,Tully,04/02/2001
,,,
Hayden Johnson,Yellow,Targaryen,24/04/2007
,,,
Cory Morgan,Cyan,Lannister,09/03/2001
,,,
Benjamin Murphy,Brown,Baratheon,25/04/2011
,,,
Ross Holt,Grey,Baratheon,01/09/2002
,,,
Jo Page,Cyan,Targaryen,09/09/1992
,,,
Paul Taylor,Green,Tyrell,30/09/2005
,,,
Mary Sims,Yellow,Arryn,28/01/2001
,,,
David Johnson,Cyan,Targaryen,23/12/1993
,,,
Laura Johnson,Blue,Targaryen,23/06/2015
,,,
Michael Bauer,White,Tyrell,13/06/2015
,,,
Jennifer Martin,Brown,Baratheon,28/06/2006
,,,
Tracey Alexander,Green,Lannister,28/06/2009
,,,
Anthony Newman,Cyan,Arryn,17/09/2006
,,,
Michael Mcknight,Green,Lannister,29/12/2007
,,,
Jeffery Cooper,Grey,Tully,21/09/2007
,,,
Eric Smith,Red,Arryn,
,,,
Justin Love,Black,Targaryen,26/11/1997
,,,
Brittney Stevenson,Green,Lannister,25/11/1999
,,,
James Haney,Yellow,Baratheon,08/11/1991
,,,
Andrew Jones,Grey,Lannister,23/07/2002
,,,
Michael Bryant,Cyan,Targaryen,27/08/2015
,,,
Jessica Nguyen,Cyan,Arryn,04/01/2011
,,,
Patricia Larsen,Brown,Greyjoy,29/06/1994
,,,
Sarah Villegas,Blue,Tyrell,12/02/2013
,,,
Duane Beltran,White,Targaryen,02/01/2004
,,,
David Wilson,Green,Targaryen,19/05/2020
,,,
Selena West,Grey,Lannister,10/06/2008
,,,
Jennifer Brown,Brown,Tyrell,22/12/1998
,,,
Kenneth Elliott,Red,Tyrell,12/11/2013
,,,
Tiffany Hodge,Brown,Tully,27/02/2016
,,,
Austin Greer,White,Lannister,19/08/2012
,,,
Tiffany Coleman,Blue,Baratheon,11/04/1996
,,,
Donald Wilson,Red,Lannister,20/12/2010
,,,
Ryan Campbell,Blue,Targaryen,22/10/2007
,,,
Rachel Collins,Brown,Targaryen,28/09/2016
,,,
Kylie Strong,Brown,Tyrell,25/03/2002
,,,
Cynthia Clark,Yellow,Arryn,04/10/2008
,,,
Joy Thomas,Yellow,Tyrell,04/09/1996
,,,
Eric Wheeler,Red,Greyjoy,27/12/2019
,,,
Marcus Brown,Brown,Targaryen,02/02/1995
,,,
Daniel Johnson,Green,Greyjoy,11/08/2008
,,,
Joseph Torres,Cyan,Targaryen,16/01/2007
,,,
Ruth Cox,Blue,Lannister,02/07/2012
,,,
Richard Flores,Cyan,Lannister,28/08/2011
,,,
Madison Martinez,Blue,Tully,13/03/1997
,,,
Joseph White,Cyan,Lannister,14/08/2020
,,,
Claudia Mccormick,Blue,Tully,01/08/2004
,,,
Jennifer Johnson,Grey,Arryn,02/05/1997
,,,
Laura Sanders,Green,Targaryen,09/08/2003
,,,
John Snyder,Blue,Tyrell,23/01/1996
,,,
Robin Young,Cyan,Targaryen,18/02/2015
,,,
Jeffery Murillo,Cyan,Tully,28/07/2015
,,,
Priscilla Cunningham,Brown,Targaryen,07/12/2003
,,,
Melanie Moore,Green,Greyjoy,19/02/2007
,,,
Sydney Perez,Cyan,Baratheon,20/12/2016
,,,
Jack Davis,Brown,Tully,17/02/2010
,,,
Tammy Johnston,Cyan,Tyrell,02/12/1997
,,,
Kevin Hill,Black,Tully,17/12/1998
,,,
Paul Jackson,White,Baratheon,14/01/2007
,,,
Jeffrey Pittman,Cyan,Targaryen,10/07/1993
,,,
Jerry King,Blue,Greyjoy,06/03/2020
,,,
Jeffrey Brown,Blue,Lannister,14/04/1998
,,,
Dylan Goodman,Yellow,Greyjoy,13/01/1992
,,,
Jared Martinez,Red,Targaryen,01/02/2000
,,,
Michael Sanders,Yellow,Arryn,21/10/1991
,,,
Steven Wallace,Green,Arryn,05/08/2001
,,,
Jessica Smith,Red,Greyjoy,21/08/2000
,,,
Margaret Webb,Green,Targaryen,25/06/2006
,,,
Angela Webb,Brown,Lannister,11/10/2018
,,,
Kathleen Jones,Yellow,Tully,30/11/2007
,,,
Matthew Kramer,Brown,Baratheon,27/01/1997
,,,
Alexis Black,Blue,Baratheon,05/06/2007
,,,
Autumn Barton,Blue,Baratheon,07/10/2019
,,,
Eric Garcia,White,Baratheon,26/08/2013
,,,
James Johnson,White,Baratheon,07/10/1994
,,,
Victoria Flores,Cyan,Greyjoy,06/07/1997
,,,
Andrew Lloyd,,Tyrell,10/03/2007
,,,
Stephen Ramos,Yellow,Arryn,31/08/2012
,,,
Marcus Mcbride,Yellow,Tully,06/08/2012
,,,
James Wall,Black,Targaryen,08/11/2004
,,,
Clarence Rivera,Grey,Tyrell,07/05/2008
,,,
Jesus Adams PhD,Brown,Targaryen,28/01/1992
,,,
Robert Valenzuela,Cyan,Tyrell,12/04/2005
,,,
Pamela Spencer,Green,Lannister,14/04/1994
,,,
Jasmine Simmons,Yellow,Greyjoy,25/08/2006
,,,
Joseph Brown,Blue,Lannister,15/05/2001
,,,
William Rivas,Red,Tully,14/02/2006
,,,
Megan Crawford,Green,Arryn,07/03/1996
,,,
Michael King,Green,Tyrell,02/04/2007
,,,
Angela Keith,White,Baratheon,15/06/1995
,,,
Susan Jordan,Green,Arryn,03/02/1993
,,,
Clinton Chan,Green,Tully,12/04/2014
,,,
Jose Roberts,Grey,Baratheon,04/10/1993
,,,
Jamie Guzman,Brown,Greyjoy,08/08/2005
,,,
Randy Dennis,Black,Greyjoy,04/10/1999
,,,
Robert Zuniga,Red,Lannister,19/07/2018
,,,
Mr. Benjamin Olson,White,Greyjoy,20/03/2021
,,,
Joseph Oconnor,Red,Arryn,09/11/2014
,,,
Robert Bennett,Blue,Greyjoy,04/06/2008
,,,
Crystal Mcneil,Cyan,Targaryen,09/06/2018
,,,
Renee Short,Black,Tyrell,12/02/2005
,,,
Erica Rodriguez,White,Targaryen,06/01/2004
,,,
Brian Gonzalez,Grey,Lannister,28/07/2001
,,,
Juan Davis,Blue,Arryn,20/09/2011
,,,
Paul Nelson,Brown,Baratheon,15/12/2001
,,,
Christopher Stevenson,Red,Greyjoy,10/05/2015
,,,
Karen Morris,Black,Arryn,11/12/1995
,,,
Tammy Scott,Blue,Baratheon,06/02/1997
,,,
James Klein,Grey,Targaryen,24/12/2015
,,,
Mary Wilson,Cyan,Tyrell,31/07/2007
,,,
Scott Collins,White,Baratheon,09/09/2018
,,,
Steven Burton,Grey,Arryn,30/04/1999
,,,
Kimberly Patel,Black,Arryn,17/04/2006
,,,
Mary Lee,Brown,Targaryen,14/07/1999
,,,
John Bruce,Green,Arryn,28/05/2007
,,,
Richard Brown,Blue,,26/10/2011
,,,
Michele Wright,White,Targaryen,27/04/2016
,,,
Michael Paul,Green,Lannister,09/09/2015
,,,
Brian Stanton,Brown,Greyjoy,14/02/2016
,,,
David Morrison,Yellow,Baratheon,25/05/2021
,,,
Stephen Salazar,White,Lannister,04/11/2000
,,,
Kim Caldwell,White,Lannister,20/02/2003
,,,
Anne Peters,Green,Arryn,08/06/2017
,,,
Shannon Hall,Yellow,Greyjoy,25/03/2017
,,,
Austin Welch,Blue,Baratheon,02/01/2018
,,,
Joel Ali,White,Arryn,15/03/1995
,,,
Desiree Simmons,Black,Lannister,27/02/1997
,,,
Julia Reynolds,White,Lannister,21/06/2002
,,,
Andrew Hodges,Blue,Greyjoy,17/05/2000
,,,
Theresa Gutierrez,Grey,Tully,28/01/1995
,,,
Joseph Williams,White,Tyrell,13/06/1997
,,,
Jenna Daniels,Cyan,Baratheon,04/01/1998
,,,
Luke Cordova,Green,Baratheon,09/05/2007
,,,
Karen Wheeler,Blue,Lannister,05/05/2004
,,,
Ryan Lam,Grey,Targaryen,10/03/1997
,,,
Danielle Boyle,Red,Tully,26/07/2012
,,,
Henry Johnson,White,Baratheon,04/09/2012
,,,
Regina Mays,Blue,Targaryen,28/05/2016
,,,
Kimberly Rodriguez,Black,Arryn,16/06/2005
,,,
Nicholas Ellis,Black,Tully,13/08/2007
,,,
Christopher Johnson,Red,Arryn,26/01/2014
,,,
Penny Kelley,Cyan,Baratheon,27/04/2002
,,,
Zachary Johnson,Yellow,Targaryen,11/06/2004
,,,
Mr. James Vincent MD,Blue,Tyrell,25/08/2003
,,,
Dennis Gordon,Red,Tully,01/09/2004
,,,
Dr. Mason Miller,Green,Arryn,03/06/2005
,,,
Stephanie Adams,Cyan,Tully,31/12/2003
,,,
Jerry Lawrence,Green,Arryn,21/08/2011
,,,
Patrick Sawyer,Black,Targaryen,17/03/1994
,,,
Elizabeth Martin,White,Tully,05/01/2002
,,,
Robert Davis DVM,Red,Arryn,18/06/1992
,,,
Laura Perry,Grey,Baratheon,18/06/2019
,,,
Joseph Manning,Grey,Tyrell,01/08/2005
,,,
Jessica Rice,Brown,Arryn,14/08/2010
,,,
Timothy Anderson,Cyan,Tully,26/02/2020
,,,
Jon Harris,Red,Tully,27/06/2019
,,,
John Walsh,White,Tyrell,29/11/2008
,,,
Scott Salinas,Brown,Arryn,02/05/2014
,,,
Tammy Vang,White,Tully,07/05/2020
,,,
Robert Mayo,Red,Arryn,27/05/2015
,,,
Derek Patel,Brown,Lannister,26/12/1996
,,,
Tina Robinson,Cyan,Arryn,08/09/2002
,,,
Kathryn Miller,Blue,Lannister,11/11/2012
,,,
Jessica Perez,Blue,Tully,25/04/2017
,,,
Melissa Alexander,Black,Arryn,19/11/2004
,,,
Kayla Coleman,Blue,Tyrell,06/01/2004
,,,
Alexander Bennett,Blue,Targaryen,12/06/1997
,,,
Laura Parrish,Red,Greyjoy,13/07/2015
,,,
Amy Mccarthy,Yellow,Lannister,17/03/2003
,,,
Isabella Williams,Grey,Lannister,03/12/2014
,,,
Barbara Fuller,White,Lannister,01/08/2020
,,,
Brett Turner,White,Baratheon,12/09/2013
,,,
Justin King DDS,Black,Lannister,08/03/2000
,,,
Judy Berry,White,Greyjoy,08/05/1997
,,,
Jill Lynn,Yellow,,16/10/1993
,,,
Heather Kelly,Green,Baratheon,22/05/2014
,,,
Robert Joyce,Cyan,Tyrell,29/08/2003
,,,
Jessica Brown,Black,Tully,22/11/2000
,,,
Jordan Medina,Blue,Baratheon,01/11/1991
,,,
Lisa Morris,White,Greyjoy,28/05/1994
,,,
Pamela Hickman,Cyan,Targaryen,03/09/2005
,,,
Mark Gross,Green,Tully,13/10/2005
,,,
Crystal Richardson,Brown,Lannister,28/06/2007
,,,
Shelia Hahn,Cyan,Tully,10/02/2020
,,,
Kristopher Lowe,Grey,Tyrell,15/02/2007
,,,
Kayla Ray,Grey,Tully,14/08/2001
,,,
Michael Harvey,Cyan,Targaryen,28/01/1996
,,,
Joshua Diaz,Green,Baratheon,22/02/1999
,,,
Stephen Dawson,White,Tully,28/04/1993
,,,
Angela Krueger,Brown,Baratheon,27/02/2017
,,,
John Rodriguez,Red,Baratheon,10/05/2006
,,,
Nicholas Davis,Brown,Lannister,18/01/1993
,,,
Kyle Clarke,Red,Lannister,06/05/2010
,,,
Manuel Jones,Brown,Targaryen,22/02/2016
,,,
Rachel Smith,Red,Tyrell,22/11/2009
,,,
Anthony Johnson,Brown,Tyrell,08/11/2018
,,,
Carolyn Miranda,White,Tyrell,23/01/2006
,,,
Ricky Larson,Green,Targaryen,13/07/2021
,,,
Karen Murphy,Yellow,Tully,05/02/2003
,,,
Philip Johnston,Red,Greyjoy,19/12/1991
,,,
Ralph Byrd,Black,Lannister,30/11/2000
,,,
Jesse Miller,Black,Tully,13/03/2013
,,,
Brian Davies,Grey,Tully,09/09/1996
,,,
Benjamin Nelson,Blue,Targaryen,07/11/2003
,,,
Ashley Wright,White,Tyrell,02/11/2010
,,,
Debra Osborn,Cyan,Baratheon,07/07/2014
,,,
Holly Brewer,Grey,Greyjoy,27/01/2001
,,,
Jesse Moore,White,Greyjoy,27/04/2001
,,,
Michelle Harris,Red,Lannister,17/03/2013
,,,
Matthew Gomez,White,Baratheon,05/09/2000
,,,
Joseph Nash,Brown,Lannister,17/07/2000
,,,
Mr. Lee Bailey,White,Greyjoy,24/07/1999
,,,
Michael Mckenzie,Cyan,Tully,23/06/2012
,,,
Derrick Holmes,Cyan,Lannister,18/09/2000
,,,
Molly Rodriguez,Red,Baratheon,20/03/1994
,,,
Catherine Hale,Brown,Tully,30/03/2001
,,,
David Hudson,Cyan,Greyjoy,15/04/2015
,,,
Kayla Villanueva,Brown,Tully,20/10/2008
,,,
Sierra Flores,Brown,Targaryen,07/04/2015
,,,
Kelli Wood,Green,Lannister,13/05/2003
,,,
Kyle Thomas,Grey,Arryn,14/07/2012
,,,
Nicholas Reese,Yellow,Greyjoy,07/01/2008
,,,
Timothy Jackson,Blue,Greyjoy,03/10/1991
,,,
Daniel Skinner,Red,Targaryen,05/06/2014
,,,
Mary Cooley,Blue,Lannister,05/08/2018
,,,
John Gonzalez,Brown,Tyrell,13/11/1994
,,,
Donna English,Blue,Tully,15/06/2017
,,,
Jacob Berger,Cyan,Targaryen,03/06/2013
,,,
,Cyan,Tully,21/11/2015
,,,
Christine Sandoval,Green,Tyrell,21/12/2003
,,,
Kelli Solis,Yellow,Greyjoy,08/12/2011
,,,
Kathleen Obrien,Yellow,Baratheon,18/08/2014
,,,
Tammie Phillips,Grey,Tyrell,12/03/2013
,,,
Joel Ward,Brown,Baratheon,21/08/2009
,,,
Stephanie Chan,Red,Tyrell,18/11/2018
,,,
Jennifer Reyes,Brown,Targaryen,17/03/1996
,,,
Ashley Monroe,Green,Tully,09/08/2004
,,,
Jon Smith,Cyan,Baratheon,16/02/2020
,,,
Patrick Rodriguez,Green,Baratheon,10/12/2004
,,,
Jeremy Oconnell,Blue,Arryn,20/08/1998
,,,
Mark Wiggins,Grey,Greyjoy,13/07/1992
,,,
Samuel Pace,Blue,Greyjoy,16/08/2006
,,,
Matthew Wang,Yellow,Arryn,09/08/2020
,,,
Charles Higgins,White,Tyrell,22/05/2019
,,,
Jason Howard,Brown,Greyjoy,10/08/2012
,,,
William Fowler,Grey,Greyjoy,04/05/1997
,,,
Rebecca Jacobs,Cyan,Targaryen,19/08/2019
,,,
Vicki King,Cyan,Tyrell,14/11/1994
,,,
Robert Brandt,Yellow,Baratheon,22/01/2006
,,,
Denise Scott,Yellow,Tully,10/11/2013
,,,
Rita Anderson,Grey,Tully,05/03/1994
,,,
Adam Williams Jr.,Grey,Lannister,25/11/2005
,,,
Randall Mitchell,Green,Arryn,15/11/2002
,,,
Randy Hudson,Yellow,Arryn,17/02/2013
,,,
Gregory Wells,White,Lannister,25/01/2016
,,,
Angela Young,Yellow,Greyjoy,03/11/1997
,,,
Adam Sanders,Grey,Tyrell,25/08/1996
,,,
Carly Miller DVM,Cyan,Baratheon,01/12/1994
,,,
Christine Robinson,White,Arryn,16/04/2005
,,,
Danielle Hicks,Yellow,Targaryen,21/12/1996
,,,
Victoria Davis,White,Arryn,28/04/2005
,,,
Kaitlyn Sutton,Cyan,Greyjoy,17/11/1998
,,,
Levi Russell,Red,Greyjoy,28/09/2010
,,,
Cory Brown,Brown,Tyrell,17/09/1998
,,,
Alexander Snyder,Yellow,Tully,08/08/1996
,,,
Kevin Butler,Grey,Arryn,17/06/2009
,,,
Bernard Brady,Red,Targaryen,07/02/2005
,,,
Oscar Murray,Red,Greyjoy,31/12/2004
,,,
Thomas Martin,Blue,Tully,16/11/2007
,,,
Hannah Jones,White,Baratheon,02/03/1998
,,,
Eric Russell,Red,Targaryen,31/12/1998
,,,
Teresa Jones,Green,Lannister,20/03/1999
,,,
Mr. Jim Underwood DVM,Yellow,Arryn,03/08/2021
,,,
Kim Graham,Brown,Targaryen,21/12/2007
,,,
Katherine Aguirre,Brown,Tully,19/01/2006
,,,
Christian Mitchell,Black,Greyjoy,05/10/1994
,,,
Kevin White,White,Greyjoy,14/05/2017
,,,
Mercedes Gibson,Green,Lannister,24/05/2021
,,,
Alexander Moore,Cyan,Tyrell,28/08/2001
,,,
Brian Rice,Green,Greyjoy,18/06/2004
,,,
Sierra Hall,Brown,Targaryen,03/12/1999
,,,
Michaela Pierce,Red,Targaryen,03/02/2014
,,,
Danielle Mendoza,Cyan,Tyrell,22/06/1992
,,,
Laura Jackson,Yellow,Tyrell,12/08/2009
,,,
Craig Young,Blue,Arryn,17/12/2011
,,,
Erin Mathis,,Baratheon,05/04/2019
,,,
Stephanie Alexander,Black,Tyrell,23/08/1999
,,,
Shannon Salinas,Black,Tully,12/02/2021
,,,
Renee Dickson,Cyan,Lannister,05/01/2014
,,,
Yvette Russo,Blue,Tully,05/07/2012
,,,
Alex Graham,Red,Arryn,31/12/2005
,,,
Maria Gallagher,Yellow,Arryn,20/11/2020
,,,
Charles Cooper,Blue,Tully,18/04/2014
,,,
Christopher Spears,Black,Lannister,25/06/2006
,,,
Alexis Ruiz,Brown,Greyjoy,18/08/1992
,,,
Manuel Wright,Red,Tyrell,16/05/2000
,,,
Jessica Cox,Black,Tully,19/07/2008
,,,
Diane Stephens,Blue,Baratheon,28/01/1996
,,,
Dennis Jones,Cyan,Tyrell,08/03/1997
,,,
Peter Bishop,Black,Greyjoy,01/01/1996
,,,
Bryce Ford,Green,Tyrell,01/07/2014
,,,
David Brown,Green,Targaryen,06/01/2010
,,,
Elijah Stout,Black,Tully,08/06/1999
,,,
Kayla Fuentes,Green,Greyjoy,21/12/2013
,,,
Caroline Rogers,Green,Lannister,20/05/2013
,,,
John Cordova,White,Arryn,18/09/1991
,,,
Brandon Anthony,Brown,Lannister,25/08/2003
,,,
Rhonda Ingram,Black,Greyjoy,27/01/2005
,,,
Meghan Fry,Red,Tyrell,04/02/1999
,,,
Robert Travis,Grey,Targaryen,05/02/2012
,,,
Jimmy Moore,Yellow,Targaryen,24/12/2017
,,,
Rebecca Fowler,Cyan,Lannister,21/08/2001
,,,
Gary Arnold,Red,Arryn,08/06/2011
,,,
Robert Ross,Grey,Baratheon,27/06/2013
,,,
Christina Silva,Brown,Arryn,17/09/2001
,,,
Danielle Johnson,Black,Baratheon,13/02/1995
,,,
Darrell Harris,Blue,Greyjoy,07/10/2007
,,,
Charles Cox,Black,Greyjoy,24/10/1998
,,,
Sabrina Gonzalez,White,Baratheon,17/11/2005
,,,
Nicholas Wheeler,Red,Targaryen,06/03/1996
,,,
Bryan Shaffer,Cyan,Tyrell,03/12/2005
,,,
Denise Mitchell,White,Baratheon,24/02/2020
,,,
Mrs. Jessica Harris,Yellow,Tully,12/05/2021
,,,
Colton Kim,Grey,Arryn,01/02/1992
,,,
Marc Peters,Cyan,Arryn,14/01/2013
,,,
Zachary Taylor,Yellow,Baratheon,26/03/1997
,,,
Emily Phillips,White,Targaryen,03/02/2011
,,,
Daniel Freeman,Brown,Baratheon,03/08/2012
,,,
Lisa Patterson,Blue,Greyjoy,02/12/2002
,,,
Robin Thomas,White,Lannister,01/02/1999
,,,
Robin Ramirez,Brown,Targaryen,08/04/2002
,,,
Alexandra Giles,White,Tyrell,02/07/1995
,,,
Molly Gentry,Yellow,Baratheon,04/05/1998
,,,
Chad Garza,Blue,Tyrell,23/06/2015
,,,
Dale Peterson,Green,Tyrell,28/08/1994
,,,
Lynn Miller,White,Greyjoy,04/09/2016
,,,
Dr. Tina Phillips,Red,Tyrell,03/06/2006
,,,
Andre Barnes,Brown,Baratheon,05/05/2019
,,,
Michael Mason,Blue,Lannister,06/12/1993
,,,
Stephanie Anderson,Yellow,Lannister,27/08/1992
,,,
Susan Ramirez,Green,Tyrell,23/05/1993
,,,
Patricia Duncan,Grey,Lannister,25/05/1992
,,,
Andrew Schwartz,Cyan,Lannister,07/09/2018
,,,
Christopher Salazar,Red,Targaryen,24/05/2002
,,,
Carol Benitez,Brown,Targaryen,
,,,
Andrew Graham,White,Targaryen,05/04/2017
,,,
Julie Walker,Red,Arryn,10/08/2013
,,,
Brian Garrison,White,Targaryen,21/02/1996
,,,
Samuel Freeman,Red,Greyjoy,29/07/2001
,,,
James Bell,Grey,Lannister,18/12/1994
,,,
Cory Freeman,White,Arryn,10/12/2002
,,,
Clarence Davis,Brown,Targaryen,16/08/1996
,,,
Jeanne Simmons,Black,Targaryen,11/04/1992
,,,
Brandy Chandler,Yellow,Arryn,23/07/1997
,,,
Amanda Brady,Brown,Greyjoy,03/04/2000
,,,
Samuel Wilkins,Grey,Arryn,27/06/2012
,,,
Cheyenne Burgess,Brown,Tully,22/06/2017
,,,
Amy Ferguson,Green,Lannister,27/09/2002
,,,
Joshua Hebert,Blue,Lannister,27/09/2006
,,,
Chloe Gonzalez,Cyan,Tully,17/12/2018
,,,
Jeffrey Pena,Blue,Tully,22/02/1995
,,,
Brent Payne,Black,Lannister,07/01/1993
,,,
Dawn Curtis,Blue,Baratheon,27/11/2004
,,,
Kathleen Stewart,Cyan,Targaryen,30/04/2016
,,,
Curtis Robertson,Yellow,Greyjoy,05/08/2004
,,,
Mark Stewart,Yellow,Arryn,31/03/2020
,,,
Theodore Booth,Cyan,Tully,10/02/2016
,,,
Brady Luna,Black,Greyjoy,12/09/1993
,,,
Angie Clark,Grey,Tyrell,12/06/2020
,,,
Kelly Contreras,Blue,Targaryen,29/01/2001
,,,
Scott Long,White,Tully,02/07/2015
,,,
Adam Schneider,Cyan,Greyjoy,28/08/2019
,,,
Audrey Taylor,Brown,Arryn,25/11/2009
,,,
Phillip Mitchell,Brown,Targaryen,15/03/1997
,,,
Daniel Willis,Grey,Tully,19/04/1992
,,,
James Cole,Grey,Greyjoy,07/04/1994
,,,
Gloria Welch,White,Baratheon,11/08/2007
,,,
Larry Martin,Yellow,Greyjoy,09/10/1994
,,,
Joe Olson,Yellow,Lannister,10/02/2000
,,,
Jonathan Trujillo,Brown,Targaryen,18/11/2016
,,,
Patricia Thompson,Yellow,Arryn,18/02/2004
,,,
Nicole Oconnor,Yellow,Tyrell,06/10/1998
,,,
Mary Mccormick,Cyan,Baratheon,30/09/1998
,,,
Andrew Gonzalez,Black,Baratheon,13/12/1998
,,,
Christopher Hall,Blue,Arryn,28/06/2019
,,,
Michael Mullins,Grey,Targaryen,30/09/2000
,,,
Nicole Little,Black,Baratheon,19/11/1992
,,,
Sabrina Bryant,Brown,Baratheon,29/01/2011
,,,
Hannah Gutierrez,Grey,Tyrell,26/01/1995
,,,
Ryan Mayo,Yellow,Greyjoy,02/04/2021
,,,
Corey Foster,Cyan,Arryn,30/01/2003
,,,
Darlene Stevens,Cyan,Targaryen,31/12/2009
,,,
Rachel Montgomery,Green,Greyjoy,09/07/2014
,,,
Matthew Yates,Yellow,Lannister,28/01/1994
,,,
Tammy Miller,Yellow,Tyrell,28/03/1995
,,,
Paul Brown,White,Tully,20/03/1993
,,,
Valerie Hicks,White,Lannister,14/07/2019
,,,
Briana Gutierrez,Blue,Baratheon,03/01/2004
,,,
Pamela Brown,Brown,Tyrell,05/11/2017
,,,
Andrea Parsons,Yellow,Targaryen,19/06/2013
,,,
Michael Richards,Red,Greyjoy,26/06/2012
,,,
Paul Turner,Grey,Targaryen,28/06/2019
,,,
Nathan Ellison,Black,Greyjoy,19/02/2009
,,,
Kathleen Marquez,Grey,Targaryen,02/01/2019
,,,
John Carpenter,Yellow,,12/10/2006
,,,
Jason Daniels,Yellow,Baratheon,21/10/2008
,,,
Lisa Stevens,Blue,Baratheon,29/10/2007
,,,
Rebekah Martin,Red,Tyrell,17/03/2000
,,,
Dennis Edwards,Cyan,Lannister,17/08/1992
,,,
Wendy Foster,Black,Targaryen,28/05/2006
,,,
Zachary Powell,Blue,Greyjoy,28/10/2009
,,,
Harold Price,Brown,Targaryen,04/02/2021
,,,
Rebecca Owens,Black,Targaryen,19/09/1997
,,,
Shane Bruce,Blue,Tully,10/12/2002
,,,
Kevin Wood,Black,Lannister,17/02/2003
,,,
Reginald Reynolds,Green,Greyjoy,30/09/1997
,,,
Justin Gonzalez,Cyan,Targaryen,20/09/2006
,,,
Yvonne Patel,Blue,Targaryen,26/09/2005
,,,
Gregory Thomas,Brown,Targaryen,24/06/2006
,,,
Toni Hanson,Blue,Tully,16/07/2004
,,,
Ruth Patton,Green,Greyjoy,18/07/2010
,,,
Amy Little,Black,Greyjoy,12/09/2011
,,,
Sierra Hubbard,Cyan,Tully,25/04/1993
,,,
Anna Dixon,Cyan,Targaryen,28/12/1998
,,,
Jennifer Espinoza,Brown,Arryn,15/12/2010
,,,
Matthew Ramirez,Brown,Targaryen,22/12/1999
,,,
Joshua Hudson,Cyan,Targaryen,20/11/2003
,,,
Jesse Lucas,Grey,Tully,26/12/2008
,,,
David Paul,Green,Targaryen,19/06/2010
,,,
Edward Lucas,Cyan,Greyjoy,14/12/1991
,,,
Alexander Turner,Cyan,Lannister,20/10/2018
,,,
Eugene Reeves,Cyan,Baratheon,22/10/2013
,,,
Crystal Cruz,Green,Tully,30/05/2007
,,,
Erica Atkins,Cyan,Targaryen,28/12/2005
,,,
Lisa Johnson,Cyan,Lannister,14/04/1993
,,,
Briana Pineda,Green,Lannister,30/05/2015
,,,
Steven Kramer,Grey,Tully,23/05/2020
,,,
Kyle Saunders,Cyan,Arryn,03/04/2013
,,,
Steven Rodriguez,Black,Baratheon,24/05/2013
,,,
Caleb Alvarez,Cyan,Greyjoy,11/04/1995
,,,
Yolanda Campbell,Yellow,Greyjoy,02/09/2001
,,,
Chad Lane,Red,Arryn,13/11/1994
,,,
Lori Daniels,Yellow,Baratheon,15/08/1998
,,,
April Miller,Green,Lannister,02/03/2013
,,,
Stephen Barker,Blue,Tyrell,04/10/2018
,,,
Anita Barber,Red,Targaryen,09/10/2002
,,,
Amy Gray,Green,Tully,15/05/2004
,,,
Joseph Clayton,Grey,Tyrell,17/08/2007
,,,
Patrick Carlson,Green,Tully,23/03/1998
,,,
Heather Jones,Cyan,Greyjoy,22/08/2012
,,,
James Harris,Cyan,Baratheon,13/03/2013
,,,
Jennifer Taylor,Black,Baratheon,11/09/2018
,,,
Mark Anderson,Red,Greyjoy,27/11/1994
,,,
Stephanie Rodriguez,Blue,Targaryen,17/09/2017
,,,
Jessica Hendricks,Grey,Tully,07/01/2008
,,,
Laura Melendez,Grey,Tully,08/07/2018
,,,
Felicia Thomas,Red,Tully,04/12/2014
,,,
Christina Mccormick,Brown,Arryn,22/07/2017
,,,
Hannah Marquez,Blue,Greyjoy,06/02/2010
,,,
Stephen Schultz,Green,Tyrell,04/09/2004
,,,
Jesse Giles,Cyan,Targaryen,01/06/2009
,,,
Casey Flores,White,Greyjoy,12/02/2005
,,,
Kelsey Rivas,Blue,Arryn,26/05/2010
,,,
Pamela Bailey,Cyan,Baratheon,28/12/2000
,,,
Alexander Young,Red,Baratheon,22/11/2009
,,,
Ronald Mason,Blue,Targaryen,03/02/2017
,,,
Tyler Barrera,Blue,Lannister,02/07/2015
,,,
Ronald Brooks,Black,,11/03/2020
,,,
John Rivera,Grey,Baratheon,29/12/2020
,,,
Jeffery Pierce,Blue,Arryn,22/11/2015
,,,
Jean Lopez,White,Tyrell,07/04/1993
,,,
Amber Garner,Yellow,Greyjoy,01/05/2018
,,,
Haley Lopez,White,Targaryen,20/12/2006
,,,
Michelle Chen,Cyan,Tully,14/11/1994
,,,
Jennifer Craig,Black,Lannister,13/03/2011
,,,
Brandi Clark,Yellow,Arryn,06/10/2009
,,,
Robert Hinton,Yellow,Baratheon,28/12/2020
,,,
Jennifer Cook,Yellow,Lannister,03/11/1998
,,,
Johnny Hughes,Grey,Arryn,17/05/1993
,,,
Gregory Oconnor,Red,Targaryen,12/10/2008
,,,
Angela Phillips,Black,Tully,29/07/2004
,,,
Rebecca Freeman,Black,Tully,23/10/2002
,,,
Melissa Lopez,Red,Tyrell,06/12/2009
,,,
Cassandra Contreras,Red,Targaryen,08/02/1996
,,,
Sarah Jones,Black,Lannister,19/04/1996
,,,
Debra Jacobs,Cyan,Tully,09/04/2014
,,,
Thomas Miller,Black,Tyrell,23/02/1993
,,,
Tyler Smith,Blue,Arryn,14/01/1992
,,,
James White,Black,Tully,07/08/2014
,,,
Darin Estrada,White,Tyrell,07/05/2015
,,,
James Mckenzie,Black,Tully,07/03/2013
,,,
Cynthia Rice,Green,Greyjoy,21/06/2010
,,,
Michelle Williams,White,Arryn,24/05/1998
,,,
William Johnston,Grey,Lannister,18/09/2005
,,,
Raymond Lee,Cyan,Greyjoy,21/07/2018
,,,
Alan Ward,Green,Greyjoy,01/09/2013
,,,
John Valencia,Red,Greyjoy,02/08/1992
,,,
Ryan Love,Cyan,Arryn,10/11/2006
,,,
Samantha Bryant,Blue,Tully,21/08/2010
,,,
Christopher Jones,Blue,Baratheon,20/07/1997
,,,
Alexandria Lin,Cyan,Lannister,10/11/1999
,,,
Mrs. Mikayla Austin,White,Lannister,19/04/2005
,,,
John Harris,Yellow,Targaryen,20/06/2009
,,,
Joseph Sullivan,Black,Tyrell,12/01/2009
,,,
Mrs. Victoria Jackson,Cyan,Tyrell,09/12/1996
,,,
James Stevens,Black,Targaryen,15/04/2003
,,,
Sean Williams,Brown,Baratheon,16/02/2005
,,,
Zachary Edwards,Cyan,Greyjoy,04/03/2009
,,,
Scott Davis,Blue,Greyjoy,23/08/2003
,,,
Steven Kelly,Black,Lannister,07/09/1993
,,,
Allison Cervantes,Black,Tyrell,03/05/1998
,,,
Michael Wilson,Grey,Lannister,15/10/1996
,,,
Tina Chavez,Grey,Greyjoy,30/07/1997
,,,
Lori Kaufman,White,Targaryen,15/01/2017
,,,
Sabrina Moore,Black,Lannister,14/10/1998
,,,
Laura Brown,Green,Arryn,26/07/1996
,,,
Ronald Anderson II,Yellow,Lannister,06/01/1995
,,,
Emily Stevens,Cyan,Greyjoy,05/02/2017
,,,
Devon Gibson,Cyan,Targaryen,21/07/2020
,,,
Tyler Powell,Grey,Baratheon,26/05/2017
,,,
Benjamin Moss,Red,Baratheon,10/01/2000
,,,
Amber Tran,Cyan,Arryn,09/08/2000
,,,
Katie Patterson,Grey,Baratheon,04/09/2017
,,,
Anthony Valenzuela,Brown,Tully,26/08/1992
,,,
Bonnie Gibson,Green,Lannister,23/03/1993
,,,
Michael Powell,Yellow,Targaryen,10/02/2017
,,,
Ricky Moore,White,Tully,21/05/2012
,,,
Christina Smith,Blue,Tully,10/08/2009
,,,
Harry Williams,White,Tyrell,28/07/2000
,,,
Courtney Thomas,Green,Lannister,08/04/1996
,,,
Christopher Dorsey,Red,Tyrell,02/01/1997
,,,
Samantha Hernandez,Green,Tyrell,12/10/1994
,,,
Harold Tate,Green,Baratheon,05/10/2012
,,,
Rhonda Martinez,White,Greyjoy,15/04/1993
,,,
Jocelyn Decker,,Arryn,16/09/2013
,,,
Annette Hawkins,Green,Tyrell,06/04/1996
,,,
Jennifer Smith,White,Arryn,12/03/2012
,,,
Kevin Park,Brown,Tully,02/10/2016
,,,
Sydney Freeman,Red,Lannister,19/06/1999
,,,
Michael Reid,White,Tyrell,08/11/2015
,,,
Dr. Shawn Daniels,Green,Lannister,30/05/2020
,,,
Joseph Fields,Black,Lannister,17/08/1997
,,,
Suzanne Riley,Brown,Baratheon,03/08/2015
,,,
Mr. Matthew Rivers Jr.,Blue,Targaryen,24/02/2015
,,,
Linda Lee,Red,Tyrell,29/10/2003
,,,
Martin Montgomery,Black,Baratheon,02/12/2005
,,,
Mary Dickson,Green,Targaryen,28/08/1997
,,,
Kenneth Duncan,Brown,Arryn,04/10/2014
,,,
Monica Jones,Black,Tyrell,01/07/1999
,,,
Tracy Lindsey,White,Targaryen,25/07/1994
,,,
Sarah Sullivan,Yellow,Targaryen,17/04/2000
,,,
Jason Johnson,Brown,Tully,06/01/2017
,,,
Ronald Johnston,White,Arryn,12/05/1996
,,,
Martin Mcgrath,Red,Lannister,12/09/2020
,,,
Kelly Curtis,Black,Tyrell,03/06/1996
,,,
Samantha Roberson,Red,Greyjoy,02/03/2011
,,,
Hector Lowery,Yellow,Baratheon,28/09/2019
,,,
Nicole Garrison,Black,Lannister,16/12/2019
,,,
Karen Lewis,White,Lannister,06/02/2009
,,,
Craig Ford,Yellow,Targaryen,19/02/2010
,,,
Pamela Wilson,Green,Targaryen,16/03/2007
,,,
Matthew Orr,Black,Tyrell,07/03/2015
,,,
Ashley Romero,Brown,Greyjoy,25/04/1996
,,,
Keith Gilbert,Yellow,Targaryen,12/03/1996
,,,
Destiny Palmer,White,Tyrell,20/12/2013
,,,
Eric Stephens,Green,Tully,16/08/2017
,,,
Thomas Banks,Green,Baratheon,17/11/2007
,,,
Joseph Richardson,Grey,Lannister,02/08/2019
,,,
Jessica Thomas,Cyan,Greyjoy,16/03/1994
,,,
Robin Brooks,Red,Baratheon,13/11/2020
,,,
Joanne Chung,Green,Targaryen,24/01/2005
,,,
Stephen Evans,Grey,Targaryen,29/08/2008
,,,
Denise Mcintosh MD,Cyan,Arryn,10/02/2012
,,,
Rachael Robertson,Cyan,Arryn,13/03/2017
,,,
Diamond Murray,Grey,Tully,29/02/2020
,,,
Mackenzie Kim,Black,Lannister,16/01/2014
,,,
Vincent Ruiz,Brown,Tyrell,12/09/2013
,,,
Lauren Coleman,White,Arryn,23/04/2005
,,,
Jennifer Wong,Green,Tyrell,26/12/1999
,,,
Jean Brown,Red,Tyrell,07/07/2008
,,,
Ana Estrada,Cyan,Arryn,16/03/2012
,,,
Joel Willis,Red,Targaryen,20/11/2004
,,,
Joyce Wood,Blue,Tully,16/12/1991
,,,
Stacy Ramos,Cyan,Lannister,10/01/1992
,,,
Jessica Contreras,Brown,Targaryen,28/10/1996
,,,
Susan Alvarez,Black,Greyjoy,14/11/2012
,,,
Arthur Bryant,Brown,Arryn,05/03/1994
,,,
Jeremy Massey III,Black,Tully,19/11/2004
,,,
Robert Maldonado,Black,Arryn,08/07/2005
,,,
Louis Hernandez,Green,Lannister,10/05/2015
,,,
April Woodard,Green,Lannister,27/08/2012
,,,
Patrick Vasquez,Red,Baratheon,20/12/1994
,,,
Bonnie Rodriguez,White,Arryn,24/07/2008
,,,
Frank Kelley,Grey,,06/05/2013
,,,
Sarah Myers,Red,Lannister,02/05/2008
,,,
Evelyn Hurst,Yellow,Greyjoy,09/07/2013
,,,
Travis Wilson,White,Greyjoy,05/01/2003
,,,
Melissa Douglas,Green,Tully,11/05/2020
,,,
Thomas Mason,Grey,Tyrell,04/07/2011
,,,
Jeremy Medina,Black,Tyrell,13/02/2013
,,,
Laura Lopez,Yellow,Arryn,21/03/1992
,,,
Daniel Bell,Black,Tyrell,23/08/2012
,,,
Olivia Hicks,Blue,Baratheon,06/11/1998
,,,
Robert Williams,Brown,Targaryen,18/10/2019
,,,
Jessica Delgado,Grey,Greyjoy,06/08/1997
,,,
Michael Mclaughlin,Grey,Baratheon,16/08/2005
,,,
Katherine Ramirez,Cyan,Greyjoy,18/04/2018
,,,
John Woods,Yellow,Arryn,13/02/1998
,,,
Phillip Robinson MD,Cyan,Lannister,29/09/2011
,,,
Julie Wilson,White,Tully,21/01/2005
,,,
Julie Davis,Yellow,Baratheon,23/09/1996
,,,
David Austin,White,Baratheon,05/11/2004
,,,
Todd Whitehead,Blue,Tyrell,11/08/2003
,,,
Dylan Robinson,Red,Lannister,12/02/2015
,,,
John Serrano,Green,Tully,04/08/2000
,,,
Suzanne Harris,Red,Tully,25/12/2017
,,,
Barbara Mcconnell,Blue,Tyrell,09/05/2001
,,,
Ashley White,Red,Greyjoy,25/11/2013
,,,
Tracey Flynn,Brown,Tully,29/11/2009
,,,
Morgan Moore,Black,Targaryen,26/11/2007
,,,
Amanda Ramirez,Red,Tully,20/12/2014
,,,
Erik Graham,White,Tyrell,21/12/1993
,,,
Sarah Cole,White,Lannister,16/05/2011
,,,
James Edwards,Red,Targaryen,07/09/1998
,,,
Angela Henry,Cyan,Targaryen,26/12/1991
,,,
Jason Gibson,Red,Tully,09/09/2003
,,,
Ryan Oneal,Yellow,Greyjoy,27/07/2009
,,,
Kyle Smith,Cyan,Targaryen,06/05/2019
,,,
Anthony Cooper,Brown,Lannister,09/06/2015
,,,
Mr. Thomas Mcconnell,Yellow,Arryn,17/04/2005
,,,
Michael Sandoval,Red,Targaryen,07/07/1996
,,,
Brian Neal,White,Baratheon,28/01/2019
,,,
Sarah King,Yellow,Lannister,12/03/2012
,,,
Amanda Casey,Red,Baratheon,12/10/2017
,,,
Chelsea Duke,Red,Greyjoy,27/07/2015
,,,
Daniel Bean,Yellow,Baratheon,19/12/2020
,,,
Valerie Sullivan,Black,Greyjoy,14/06/2018
,,,
Rachel Avery,Grey,Targaryen,31/03/1999
,,,
Kristen Miller,Red,Targaryen,22/03/2020
,,,
Chelsea Garza,Brown,Lannister,08/04/1997
,,,
Tanner Nguyen,Brown,Targaryen,26/01/2010
,,,
Justin Hernandez,Yellow,Targaryen,01/06/2006
,,,
Nancy Freeman,Cyan,Tyrell,25/01/2016
,,,
David Campbell,White,Targaryen,08/04/2012
,,,
Vincent Kaiser,Brown,,10/07/2010
,,,
Timothy Perez,Cyan,Lannister,27/10/2003
,,,
Brittany Austin,Blue,Tyrell,31/08/2006
,,,
Brittney Doyle,White,Lannister,29/09/2009
,,,
Vickie Sheppard,White,Arryn,19/09/2005
,,,
Joel Williams,Green,Tyrell,22/02/2019
,,,
Jonathan Fletcher,Yellow,Baratheon,27/01/2015
,,,
John Burke,Brown,Tully,23/06/2009
,,,
Lindsey Watts,Green,Arryn,20/06/2006
,,,
Larry Lewis,Black,Tully,18/06/2019
,,,
Raymond Terrell,Grey,Tyrell,08/04/2011
,,,
Nicole Green,Cyan,Lannister,17/10/2003
,,,
Shawn Brown,Red,Arryn,09/06/2012
,,,
Darius Olsen,Cyan,Greyjoy,10/11/2006
,,,
William Clayton,Brown,Greyjoy,15/12/2003
,,,
Megan Smith,Red,Tully,03/06/1994
,,,
Connie Knight,White,Greyjoy,24/11/1995
,,,
Paul Washington,White,Targaryen,12/10/1999
,,,
Christina Rodriguez,Blue,Tyrell,19/11/2020
,,,
Joshua Ross,Brown,Tully,14/12/2016
,,,
Mrs. Stacy Scott,Blue,Lannister,13/04/2009
,,,
Barbara Jones,Yellow,Tully,11/09/2008
,,,
Olivia Webb,White,Arryn,27/09/2010
,,,
Kayla Martinez,Black,Targaryen,01/08/2013
,,,
Tony Leonard,White,Tyrell,14/07/2020
,,,
Kathryn Armstrong,Black,Tully,26/12/2005
,,,
Robin Beck,Grey,Tully,29/03/1993
,,,
Jerry Smith,Brown,Arryn,14/10/2006
,,,
Taylor Smith,Yellow,Tyrell,14/03/1995
,,,
Chad Rangel,Blue,Baratheon,16/09/1993
,,,
Xavier Peterson,Blue,Arryn,09/03/2012
,,,
Andrew Avila,White,Targaryen,08/05/2010
,,,
Tyler Rogers,White,Greyjoy,11/10/2008
,,,
Steven Black,Red,Arryn,13/07/2005
,,,
Courtney Williams,Brown,Lannister,14/05/2013
,,,
Mr. Bryan Moss PhD,Green,Greyjoy,29/09/2007
,,,
James Drake,Grey,Arryn,17/05/2018
,,,
Angela James,Green,Baratheon,21/10/1995
,,,
Shawn Villegas,Black,Greyjoy,25/11/2009
,,,
Angela Peterson,Yellow,Tyrell,22/02/2006
,,,
Robin Carter,Black,Lannister,10/08/1993
,,,
Savannah Young,Green,Baratheon,25/01/2010
,,,
Rose Carter,Brown,Tully,09/09/2012
,,,
Mary Smith,Black,Baratheon,28/08/1991
,,,
Emily Todd,Yellow,Arryn,12/04/2005
,,,
Manuel Leon,Blue,Tyrell,04/05/2017
,,,
Christopher Downs,Grey,Lannister,11/11/2008
,,,
Nicole Walsh,Grey,Tully,15/04/2004
,,,
Mary Brown,Brown,Tyrell,12/12/2010
,,,
Jonathon Malone,Cyan,Arryn,11/05/2000
,,,
Samantha Lucas,Blue,Targaryen,24/09/2014
,,,
Jason Jackson,Green,Baratheon,31/12/2019
,,,
Stacey Adkins,White,Targaryen,24/04/2008
,,,
Jodi Carr,Blue,Baratheon,01/11/2015
,,,
Alexander Patterson,Cyan,Tyrell,19/07/2020
,,,
Lisa Bailey,Cyan,Tully,17/04/2017
,,,
Robert Brooks Jr.,Blue,Tyrell,18/08/1995
,,,
Richard Peters,Green,,
,,,
Nicholas Hernandez,Brown,Arryn,04/04/2011
,,,
Brian Martin,Green,Targaryen,20/07/1993
,,,
Jennifer Macias,White,Tully,06/09/2017
,,,
Christopher Valdez,Blue,Lannister,30/05/2016
,,,
Laura Pacheco,Green,Targaryen,25/02/2000
,,,
Noah Hoffman,White,Targaryen,07/10/2019
,,,
Zachary Greer,Black,Baratheon,06/05/2012
,,,
Dan Torres,Green,Tully,19/05/2014
,,,
Veronica Collins,Blue,Baratheon,12/06/2003
,,,
Regina Washington MD,Cyan,Arryn,11/03/2008
,,,
Erin Mason,Yellow,Lannister,07/01/1999
,,,
Amy Mack,Blue,Tyrell,30/12/2009
,,,
Kristin James,Brown,Baratheon,13/08/2020
,,,
Aaron Miller,White,Arryn,29/03/1998
,,,
Todd Robertson,Grey,Arryn,10/01/2002
,,,
Brenda Gonzales,White,Targaryen,24/02/2007
,,,
Jill Martinez,Red,Lannister,23/03/1997
,,,
Melvin Kim DVM,Cyan,Baratheon,11/01/1995
,,,
Julie Taylor,White,Baratheon,19/01/2008
,,,
Ian Porter,White,Tully,05/01/2015
,,,
Martin Johnson,Brown,Arryn,17/10/1995
,,,
Brandon Erickson,White,Targaryen,12/09/1999
,,,
Alexis Matthews,Yellow,Baratheon,31/05/2014
,,,
Dr. Jennifer Sullivan MD,Cyan,Tully,02/12/2013
,,,
Meghan Burton,Black,Tyrell,09/10/2006
,,,
Amy Adams,Yellow,Tully,22/01/1994
,,,
Jose Lyons,Green,Lannister,29/06/2005
,,,
Amber Schmidt,Yellow,Arryn,05/05/1994
,,,
John Martin,Grey,Targaryen,09/07/1992
,,,
Daniel Simon,White,Tyrell,29/06/1994
,,,
Lance Wood,Black,Targaryen,30/08/2012
,,,
Zachary Wilson,Yellow,Greyjoy,20/03/2019
,,,
Robert Morrow,Brown,Targaryen,27/12/1996
,,,
Glenda Phillips,Grey,Lannister,26/09/1993
,,,
Penny Johnson,White,Arryn,26/05/2006
,,,
Derek Walker,Red,Targaryen,01/12/1994
,,,
Patrick Mitchell,Green,Arryn,29/04/1995
,,,
Sharon Ramos,Blue,Tyrell,04/11/2005
,,,
Virginia Brown,Brown,Tyrell,17/02/1995
,,,
Erik Bell DDS,Blue,Targaryen,22/08/1993
,,,
Jamie Bradley,Yellow,Greyjoy,14/07/2019
,,,
Destiny Torres,Grey,Lannister,09/03/2021
,,,
Ryan Moody,Blue,Baratheon,15/12/2004
,,,
Michael Weiss,Green,Tyrell,30/08/2014
,,,
Jeffrey Mccoy,Grey,Targaryen,05/04/2008
,,,
Kelsey Dixon,Black,Tyrell,01/03/2012
,,,
Christie Bell,Blue,Greyjoy,28/11/2018
,,,
Matthew Lopez,Grey,Arryn,21/07/2009
,,,
Lori Smith,Yellow,Tully,08/06/2020
,,,
Amanda Bennett,Red,Tyrell,15/06/2011
,,,
Wendy Collins,White,Lannister,15/02/2010
,,,
Joseph Burgess,Red,Tully,09/11/2009
,,,
Ann Valenzuela,Brown,Baratheon,16/04/1992
,,,
Sarah Tanner,Blue,Tully,27/08/1998
,,,
Kimberly Thompson,Cyan,Tully,18/09/2012
,,,
Victor Smith,Brown,Targaryen,19/03/2007
,,,
Sarah Henderson,Black,Targaryen,24/01/1994
,,,
Lori Gonzales,Black,Tully,31/03/2013
,,,
Martha Perez,Grey,Targaryen,16/03/2002
,,,
Matthew Silva,Black,Tyrell,27/09/2020
,,,
Susan Martin,Cyan,Arryn,13/08/2004
,,,
Timothy Mercer,Red,Targaryen,29/02/2020
,,,
Stacey Frederick,White,Baratheon,09/05/2009
,,,
Amanda Elliott,White,Targaryen,14/03/1992
,,,
Nathan Brown DDS,Red,Arryn,27/12/2003
,,,
Christopher Olson,Red,Tully,02/04/2002
,,,
Jay Bernard,Grey,Tully,06/03/2014
,,,
Ashley Harris,Blue,Lannister,03/01/2010
,,,
Lisa Thomas,White,Greyjoy,08/10/1995
,,,
Katelyn Owens,Red,Tully,11/04/1998
,,,
Justin Williams,White,Targaryen,27/01/2021
,,,
Aaron Hernandez,Cyan,Greyjoy,12/10/2015
,,,
Carolyn Kelly,Red,Lannister,29/09/2006
,,,
Kimberly Allen,Blue,Arryn,22/08/2002
,,,
Robert Jones,White,Greyjoy,03/06/2017
,,,
Alexis Hill,White,Tyrell,01/11/1995
,,,
Kelly Bowman,Red,Lannister,21/07/2008
,,,
Andrew Monroe,Blue,Targaryen,29/05/1993
,,,
Jerry Roberson,Green,Tyrell,21/12/2016
,,,
Michael Patel,Green,,07/09/2002
,,,
Christopher Mcdaniel,Green,Baratheon,02/07/2012
,,,
Clinton Higgins,Green,Tyrell,20/03/1992
,,,
Manuel Dunn,White,Arryn,13/05/2001
,,,
Ashley Tran,Blue,Baratheon,06/09/2016
,,,
Katrina Moore,Blue,Tyrell,05/01/1995
,,,
Robin Fuller,Cyan,Lannister,07/02/2006
,,,
Sarah Shah,Yellow,Tully,28/11/2005
,,,
Travis Newman,White,Targaryen,09/10/1997
,,,
Kevin Hernandez,Yellow,Greyjoy,26/05/2011
,,,
Stephanie Collins,Yellow,Tyrell,12/11/2019
,,,
Erika Harris,Black,Tully,07/04/1999
,,,
Thomas Rasmussen,Green,Tyrell,13/08/2006
,,,
Robert Schmidt,Cyan,Greyjoy,09/01/1992
,,,
Cynthia Rodriguez,Cyan,Greyjoy,16/10/2004
,,,
Tamara Christensen,Blue,Tully,12/05/2018
,,,
Brett Rowland,White,Baratheon,20/07/2001
,,,
Kristin Beck,Brown,Targaryen,27/05/1993
,,,
Stephen Aguirre,Blue,Tully,10/10/2007
,,,
Albert Rodgers,Brown,Arryn,08/01/2005
,,,
Jessica Frye,White,Tully,25/09/2015
,,,
Joe Fowler,Green,Tyrell,20/04/2017
,,,
Deborah West,Green,Greyjoy,26/12/2015
,,,
Richard Perry,Red,Lannister,30/04/2012
,,,
Ethan Maxwell,White,Baratheon,13/05/2015
,,,
Paul Harris,Red,Tully,22/12/1998
,,,
Chelsea James,Blue,Arryn,07/11/1998
,,,
Kimberly Jones,Blue,Lannister,07/07/2001
,,,
Joseph Morris,Red,Arryn,24/09/2006
,,,
Alec Sanders,Blue,Tully,08/05/2006
,,,
George Figueroa,Brown,Lannister,03/05/2009
,,,
Cheyenne Russell,Brown,Baratheon,18/03/2019
,,,
Ronald Pittman,Green,Tyrell,26/05/2002
,,,
Colleen French,Red,Arryn,07/08/2021
,,,
Mr. Michael Harris,Cyan,Targaryen,31/12/2001
,,,
Stephanie Wong,Black,Baratheon,29/11/1993
,,,
Andrew Andrade,Green,Greyjoy,04/02/2017
,,,
Renee Garcia,Yellow,Lannister,24/06/2018
,,,
Audrey Bridges,Green,Targaryen,06/04/2010
,,,
Mary Gonzales,Brown,Lannister,02/11/2019
,,,
Erin Melendez,Yellow,Tyrell,24/02/2008
,,,
Susan Williams,White,Targaryen,22/08/2011
,,,
John West,Yellow,Arryn,24/12/1996
,,,
Gary Garcia,Yellow,Lannister,19/12/2008
,,,
Mrs. Wendy Orr PhD,Brown,Tyrell,23/02/1995
,,,
James Gregory,White,Arryn,10/08/2002
,,,
Ashley Durham,Cyan,Tyrell,07/03/1994
,,,
Angel Roberson,White,Tully,22/04/2008
,,,
Robert Phillips,White,Baratheon,25/01/2018
,,,
Edward Romero,Blue,Tully,15/08/2007
,,,
Rebecca Hernandez,White,Greyjoy,27/04/2000
,,,
Thomas Ballard,Cyan,Arryn,29/08/2016
,,,
David Shelton,Cyan,Greyjoy,12/06/2012
,,,
Sarah Robinson,Grey,Tyrell,30/11/1993
,,,
Kenneth Austin,Brown,Tyrell,12/09/1993
,,,
Cameron Lewis,Grey,Greyjoy,24/01/2011
,,,
Vincent Atkins,,Baratheon,05/02/2007
,,,
Samantha Garner,Green,Tully,23/11/1998
,,,
Michael Morales,White,Tyrell,20/03/1992
,,,
Robert Cooper,White,Targaryen,08/03/2008
,,,
Erica Hernandez,Green,Lannister,15/06/2018
